-- MySQL dump 10.13  Distrib 8.0.17, for Win64 (x86_64)
--
-- Host: localhost    Database: miniproject
-- ------------------------------------------------------
-- Server version	8.0.17

/*!40101 SET @OLD_CHARACTER_SET_CLIENT=@@CHARACTER_SET_CLIENT */;
/*!40101 SET @OLD_CHARACTER_SET_RESULTS=@@CHARACTER_SET_RESULTS */;
/*!40101 SET @OLD_COLLATION_CONNECTION=@@COLLATION_CONNECTION */;
/*!50503 SET NAMES utf8 */;
/*!40103 SET @OLD_TIME_ZONE=@@TIME_ZONE */;
/*!40103 SET TIME_ZONE='+00:00' */;
/*!40014 SET @OLD_UNIQUE_CHECKS=@@UNIQUE_CHECKS, UNIQUE_CHECKS=0 */;
/*!40014 SET @OLD_FOREIGN_KEY_CHECKS=@@FOREIGN_KEY_CHECKS, FOREIGN_KEY_CHECKS=0 */;
/*!40101 SET @OLD_SQL_MODE=@@SQL_MODE, SQL_MODE='NO_AUTO_VALUE_ON_ZERO' */;
/*!40111 SET @OLD_SQL_NOTES=@@SQL_NOTES, SQL_NOTES=0 */;

--
-- Table structure for table `amts`
--

DROP TABLE IF EXISTS `amts`;
/*!40101 SET @saved_cs_client     = @@character_set_client */;
/*!50503 SET character_set_client = utf8mb4 */;
CREATE TABLE `amts` (
  `aid` int(11) NOT NULL,
  `aname` varchar(45) DEFAULT NULL,
  `axcod` decimal(10,7) DEFAULT NULL,
  `aycod` decimal(10,7) DEFAULT NULL,
  PRIMARY KEY (`aid`)
) ENGINE=InnoDB DEFAULT CHARSET=utf8mb4 COLLATE=utf8mb4_0900_ai_ci;
/*!40101 SET character_set_client = @saved_cs_client */;

--
-- Dumping data for table `amts`
--

LOCK TABLES `amts` WRITE;
/*!40000 ALTER TABLE `amts` DISABLE KEYS */;
INSERT INTO `amts` VALUES (1,'GODASAR GAM',72.6120980,22.9848440),(2,'AVKAR HALL',72.6112090,22.9874440),(3,'DAKSHINI SOCIETY',72.6144740,22.9910340),(4,'Maninagar Railway Station',72.6110230,23.0002590),(5,'KRISHNABAUG',72.6047210,22.9975650),(6,'PUSHPAKUNJ',72.5986210,23.0031340),(7,'ABAD DAIRY',72.5990970,23.0101350),(8,'RAIPUR DARWAZA',72.5943470,23.0170450),(9,'ASTODIA CHAKLA',72.5886320,23.0185330),(10,'LAL DARWAZA',72.5785090,23.0250940),(11,'NEHRU BRIDGE',72.5748270,23.0269380),(12,'MADALPUR',72.5697630,23.0221390),(13,'GUJARAT COLLEGE',72.5669040,23.0228530),(14,'LAW COLLEGE',72.5590298,23.0239368),(15,'CN VIDHALAYA',72.5510740,23.0212410),(16,'HIMMATLAL PARK',72.5324200,23.0297800),(17,'MANSI COMPLEX',72.5258850,23.0329560),(18,'PREMCHANDNAGAR',72.5201720,23.0353560),(19,'VEJALPUR',72.5181850,23.0033880),(20,'JIVRAJ PARK',72.5328290,23.0068730),(22,'MANEKBAUG HALL',72.5438970,23.0184160),(23,'NEHRUNAGAR',72.5428980,23.0216520),(24,'PANJRAPOL',72.5450350,23.0278950),(25,'GUJARAT UNIVERSITY',72.5841520,23.0309040),(26,'VIJAY CHAR RASTA',72.5500270,23.0420870),(27,'COMMERCE CROSS ROAD',72.5553680,23.0388680),(28,'NAVRANGPURA',72.5638180,23.0356930),(29,'INCOME-TAX',72.5694680,23.0397060),(30,'VADAJ',72.5715280,23.0559770),(31,'NAVA VADAJ',72.5621170,23.0682150),(32,'NIRNAYNAGAR',72.5588840,23.0730400),(33,'RAMVADI',72.5990450,23.0738090),(34,'MADHAVBAUG',72.5619710,23.0777000);
/*!40000 ALTER TABLE `amts` ENABLE KEYS */;
UNLOCK TABLES;

--
-- Table structure for table `amtsroutes`
--

DROP TABLE IF EXISTS `amtsroutes`;
/*!40101 SET @saved_cs_client     = @@character_set_client */;
/*!50503 SET character_set_client = utf8mb4 */;
CREATE TABLE `amtsroutes` (
  `alid` int(11) DEFAULT NULL,
  `said` int(11) DEFAULT NULL,
  `daid` int(11) DEFAULT NULL,
  `type` varchar(45) DEFAULT NULL,
  `sequence` int(11) NOT NULL,
  PRIMARY KEY (`sequence`),
  KEY `destination_idx` (`daid`),
  KEY `source_idx` (`said`),
  CONSTRAINT `destinationamts` FOREIGN KEY (`daid`) REFERENCES `amts` (`aid`) ON DELETE CASCADE ON UPDATE CASCADE,
  CONSTRAINT `sourceamts` FOREIGN KEY (`said`) REFERENCES `amts` (`aid`) ON DELETE CASCADE ON UPDATE CASCADE
) ENGINE=InnoDB DEFAULT CHARSET=utf8mb4 COLLATE=utf8mb4_0900_ai_ci;
/*!40101 SET character_set_client = @saved_cs_client */;

--
-- Dumping data for table `amtsroutes`
--

LOCK TABLES `amtsroutes` WRITE;
/*!40000 ALTER TABLE `amtsroutes` DISABLE KEYS */;
INSERT INTO `amtsroutes` VALUES (42,1,2,'AMTS',1),(42,2,3,'AMTS',2),(42,3,4,'AMTS',3),(42,4,5,'AMTS',4),(42,5,6,'AMTS',5),(42,6,7,'AMTS',6),(42,7,8,'AMTS',7),(42,8,9,'AMTS',8),(42,9,10,'AMTS',9),(42,10,11,'AMTS',10),(42,11,12,'AMTS',11),(42,12,13,'AMTS',12),(42,13,14,'AMTS',13),(42,14,15,'AMTS',14),(42,15,16,'AMTS',15),(42,16,17,'AMTS',16),(42,17,18,'AMTS',17);
/*!40000 ALTER TABLE `amtsroutes` ENABLE KEYS */;
UNLOCK TABLES;

--
-- Table structure for table `brts`
--

DROP TABLE IF EXISTS `brts`;
/*!40101 SET @saved_cs_client     = @@character_set_client */;
/*!50503 SET character_set_client = utf8mb4 */;
CREATE TABLE `brts` (
  `BID` int(11) NOT NULL,
  `BNAME` varchar(45) DEFAULT NULL,
  `BXCOD` decimal(10,7) DEFAULT NULL,
  `BYCOD` decimal(10,7) DEFAULT NULL,
  PRIMARY KEY (`BID`)
) ENGINE=InnoDB DEFAULT CHARSET=utf8mb4 COLLATE=utf8mb4_0900_ai_ci;
/*!40101 SET character_set_client = @saved_cs_client */;

--
-- Dumping data for table `brts`
--

LOCK TABLES `brts` WRITE;
/*!40000 ALTER TABLE `brts` DISABLE KEYS */;
INSERT INTO `brts` VALUES (1,'RTO CIRCLE',72.5817083,23.0686148),(2,'RANIP',72.5757050,23.0676700),(3,'BHAVSAR HOTEL',72.5686135,23.0675420),(4,'AKHABARNAGAR',72.5637480,23.0675560),(5,'PRAGATINAGAR',72.5529810,23.0646300),(6,'SHASTRINAGAR',72.5529810,23.0622210),(7,'JAYAMANGAL',72.5493340,23.0576360),(8,'SOLA CROSS ROAD',72.5468280,23.0527290),(9,'VALINATH CHAWK',72.5450260,23.0492000),(10,'MEMNAGAR',72.5424510,23.0455970),(11,'GMDC',72.5385830,23.0397220),(12,'IIM',72.5360080,23.0346380),(13,'HIMMATLAL PARK',72.5324200,23.0297800),(14,'SHIVRANJANI',72.5312660,23.0243190),(15,'BIMANAGAR',72.5363190,23.0230410),(16,'NEHRUNAGAR',72.5416730,23.0225270),(17,'LCOLONY',72.5429043,23.0235518),(18,'PANJARAPOL',72.5441462,23.0263930),(19,'GULBAITEKRA',72.5470886,23.0293651),(20,'LD ENGINEERING',72.5489366,23.0343611),(21,'LAW COLLEGE',72.5590298,23.0239368),(22,'LOKMANYA TILAKBAUG',72.5803506,23.0219817),(23,'RAIKHAD CHAR RASTA',72.5827163,23.0216016),(24,'AMC',72.5861335,23.0197230),(25,'ASTODIA CHAKLA',72.5885475,23.0186392),(26,'ASTODIA DARWAZA',72.5922489,23.0168470),(27,'RAIPUR DARWAZA',72.5959906,23.0173827),(28,'KAMAMUKTESHWAR MAHADEV',72.5989088,23.0190071),(29,'SARANGPUR DARWAZA',72.5986540,23.0223545),(30,'DELHI DARWAZA',72.5852700,23.0416620),(31,'HANUMANPURA',72.5837729,23.0448809),(32,'GURUDWARA1',72.5824104,23.0484399),(33,'JUNA WADAJ',72.5717270,23.0571130),(34,'RAMAPIR TEKRA',72.5717780,23.0161570),(35,'N R PATEL PARK',72.5717439,23.0663570);
/*!40000 ALTER TABLE `brts` ENABLE KEYS */;
UNLOCK TABLES;

--
-- Table structure for table `brtsmain`
--

DROP TABLE IF EXISTS `brtsmain`;
/*!40101 SET @saved_cs_client     = @@character_set_client */;
/*!50503 SET character_set_client = utf8mb4 */;
CREATE TABLE `brtsmain` (
  `BID` int(11) NOT NULL,
  `BNAME` varchar(45) DEFAULT NULL,
  `BXCOD` decimal(10,7) DEFAULT NULL,
  `BYCOD` decimal(10,7) DEFAULT NULL,
  PRIMARY KEY (`BID`)
) ENGINE=InnoDB DEFAULT CHARSET=utf8mb4 COLLATE=utf8mb4_0900_ai_ci;
/*!40101 SET character_set_client = @saved_cs_client */;

--
-- Dumping data for table `brtsmain`
--

LOCK TABLES `brtsmain` WRITE;
/*!40000 ALTER TABLE `brtsmain` DISABLE KEYS */;
INSERT INTO `brtsmain` VALUES (1,'RTO Circle',72.5817083,23.0686148),(2,'Ranip',72.5757050,23.0676700),(3,'Bhavsar Hostel / Vyas Vadi',72.5686135,23.0675420),(4,'Akhabar Nagar',72.5637480,23.0675560),(5,'Pragati Nagar',72.5560500,23.0646300),(6,'Shastri Nagar',72.5529810,23.0622210),(7,'Jay Mangal',72.5493340,23.0576360),(8,'Sola Cross Road / AEC ',72.5468280,23.0527290),(9,'Valinath Chawk',72.5450260,23.0492000),(10,'Memnagar',72.5424510,23.0455970),(11,'University / GMDC',72.5385830,23.0397220),(12,'IIM',72.5360080,23.0346380),(13,'Himmatlal Park',72.5324200,23.0297800),(14,'Shivranjani',72.5312660,23.0243190),(15,'Bima Nagar / Jhansi Ki Rani',72.5363190,23.0230410),(16,'Nehru Nagar',72.5416730,23.0225270),(17,'Manek Baug',72.5440230,23.0183410),(18,'Khodiyar Nagar / Pirana',72.5702010,22.9955430),(19,'Dharnidhar',72.5492800,23.0082290),(20,'Anjali Cross Road',72.5538720,23.0037300),(21,'Chandra Nagar',72.5581040,22.9997550),(22,'Dani Limda Cross Road',72.5772450,22.9964370),(23,'Vaikunth Dham Mandir',72.5828830,22.9998150),(24,'Swaminarayan College',72.5871210,23.0014880),(25,'Kankaria Telephone Exchange',72.5928500,23.0024660),(26,'Kankaria Lake',72.5989600,23.0031330),(27,'Rambaug',72.6006500,22.9998740),(28,'Meninagar Cross Road',72.6064540,22.9972070),(29,'Swaminarayan Mandir',72.6117430,22.9948960),(30,'Jawahar Chowk',72.6050430,22.9951920),(31,'Bhairavnath',72.5990990,22.9954940),(32,'Meera Cinema Char Rasta',72.5932470,22.9991130),(33,'Dani Limda Road',72.5792460,22.9958940),(34,'Chippa Society',72.5815900,22.9916220),(35,'Chandola Lake',72.5824530,22.9873410),(36,'BRTS Workshop',72.5856720,22.9822140),(37,'Kashiram Textiles',72.5867930,22.9768020),(38,'Narol',72.5895180,22.9729740),(39,'Mukesh Industries',72.5952530,22.9740210),(40,'Isanpur',72.6023180,22.9762430),(41,'Ghodasar',72.6101450,22.9785200),(42,'Jasoda Nagar Char Rasta',72.6219090,22.9825700),(43,'Vadodara Expressway Junction',72.6279920,22.9876320),(44,'CTM Junction',72.6317092,22.9912715),(45,'Purvadeep Society',72.6342252,22.9960889),(46,'Jogeshwari',72.6356100,23.0004660),(47,'Rabari Colony',72.6368920,23.0044120),(48,'Rameshwar Park',72.6384370,23.0136200),(49,'Soni Ni Chali',72.6384284,23.0205822),(50,'Virat Nagar',72.6387800,23.0275480),(51,'Bapunagar Approach',72.6393910,23.0337390),(52,'Thakkarbapa Nagar',72.6405443,23.0411438),(53,'Lila Nagar',72.6400244,23.0369726),(54,'Hirawadi',72.6410650,23.0456360),(55,'Vijay Park',72.6419020,23.0513820),(56,'Krishna Nagar',72.6425240,23.0549360),(57,'Dhanushdhari Mandir / New GSRTC',72.6429860,23.0597730),(58,'Naroda Patiya / ST Workshop',72.6430280,23.0642350),(59,'Ramapir Tekra',72.5717780,23.0617570),(60,'NR Patel Park',72.5717439,23.0663570),(61,'Juna Wadaj',72.5717270,23.0571130),(62,'Hanumanpura',72.5837729,23.0448809),(63,'Gurudwara',72.5824104,23.0484399),(64,'Sarkari Litho Press / Delhi Darwaja',72.5852700,23.0416620),(65,'Ghuma Gam',72.4501455,23.0304808),(66,'Anuradha Society',72.4594608,23.0319730),(67,'Bopal Gam',72.4641895,23.0340526),(68,'Sterling City',72.4690819,23.0323914),(69,'Sarkari Tubewell',72.4723944,23.0310214),(70,'Aabad Nagar',72.4761388,23.0291084),(71,'Bopal Approch',72.4777950,23.0258586),(72,'Ambali Gam',72.4822623,23.0264844),(73,'Swagat Bunglows',72.4858296,23.0278717),(74,'Jayatilal Park',72.4909553,23.0284048),(75,'Ashok Vatika',72.4954480,23.0279235),(76,'Antariksh Colony',72.5010270,23.0277606),(77,'ISKCON Mandir',72.5051522,23.0274792),(78,'ISKCON Cross Road',72.5086069,23.0271188),(79,'Ramdev Nagar',72.5128716,23.0274841),(80,'Bhavnirjar',72.5177050,23.0276964),(81,'Star Bazaar',72.5240242,23.0262153),(82,'Jodhpur Char Rasta',72.5273502,23.0252131),(83,'Sola Bridge',72.5297508,23.0647481),(84,'Satadhar Char Rasta',72.5326985,23.0629244),(85,'Bhuyangdev',72.5356302,23.0604245),(86,'Parshwanath Jain Mandir',72.5391304,23.0576678),(87,'Parasnagar',72.5433013,23.0554985),(88,'L Colony',72.5429043,23.0235518),(89,'Panjarapol',72.5441462,23.0263930),(90,'Gulbhai Tekra Approach',72.5470886,23.0293651),(91,'Law College',72.5590298,23.0239368),(92,'Townhall',72.5702548,23.0236999),(93,'Commerce Six Road',72.5545049,23.0388238),(94,'LD Engineering College',72.5489366,23.0343611),(95,'Maninagar Railway Station',72.6113838,22.9984961),(96,'Bethak',72.6497501,23.0722204),(97,'Naroda Gam',72.6560855,23.0747966),(98,'Vasna',72.5476760,23.0020267),(99,'Ajit Mill',72.6331177,23.0200809),(100,'Ram Rajya Nagar',72.6381201,23.0080409),(101,'Odhav',72.6384580,23.0174024),(102,'Grid Station',72.6435488,23.0213177),(103,'Odhav Fire Station',72.6507667,23.0223940),(104,'Vallabhnagar',72.6548114,23.0229445),(105,'Chhotalal ni Chali',72.6587516,23.0235394),(106,'Morlidhar Society',72.6623136,23.0240381),(107,'Odhav Talav',72.6653257,23.0245170),(108,'SP Ring Road, Odhav',72.6714116,23.0249144),(109,'Science City Approach',72.5228360,23.0695923),(110,'Zundal Circle',72.5845268,23.1292681),(111,'Sarthi Bunglows',72.5827593,23.1229213),(112,'Chandkheda Gam',72.5827003,23.1163547),(113,'Shiv Shakti Nagar',72.5839394,23.1120722),(114,'Janta Nagar',72.5851357,23.1083619),(115,'Avani Bhavan',72.5866592,23.1034377),(116,'Visat Junction',72.5886065,23.0973487),(117,'Motera Cross Road',72.5901729,23.0918517),(118,'Sabarmati Police Station',72.5918680,23.0861472),(119,'Municipal Snanagar',72.5933862,23.0814245),(120,'Rathi Apartment',72.5950491,23.0785375),(121,'Sabarmati Powerhouse',72.5925922,23.0740563),(122,'Kalupur Railway Station',72.6007891,23.0270743),(123,'Sarangpur Darwaja',72.5986540,23.0223545),(124,'Karnamukteshwar Mahadev',72.5989088,23.0190071),(125,'Raipur Darwaja',72.5959906,23.0173827),(126,'Astodia Darwaja',72.5922489,23.0168470),(127,'Astodia Chakla',72.5885475,23.0186392),(128,'AMC Corporation ',72.5861335,23.0197230),(129,'Raikhad Char Rasta',72.5827163,23.0216016),(130,'Lokmanya Tilak Baug',72.5803506,23.0219817),(131,'GCS Hospital',72.6088250,23.0391250),(132,'Arvind Mill',72.6124996,23.0417956),(133,'Jeening Press',72.6159757,23.0443576),(134,'Ashok Mill',72.6191461,23.0465987),(135,'Naroda Fruit Market',72.6256478,23.0508216),(136,'Memco Cross Road',72.6296443,23.0534204),(137,'Corporation North Zone Office',72.6331285,23.0556688),(138,'GD High School',72.6367012,23.0580010),(139,'Saijpur Towers',72.6398554,23.0613647),(140,'Mangal Park',72.5898832,23.0034932),(141,'Bhulbhai Park',72.5911143,23.0066485),(142,'Geeta Mandir ST Stand',72.5913879,23.0130402);
/*!40000 ALTER TABLE `brtsmain` ENABLE KEYS */;
UNLOCK TABLES;

--
-- Table structure for table `brtsmainroutes`
--

DROP TABLE IF EXISTS `brtsmainroutes`;
/*!40101 SET @saved_cs_client     = @@character_set_client */;
/*!50503 SET character_set_client = utf8mb4 */;
CREATE TABLE `brtsmainroutes` (
  `BLID` int(11) DEFAULT NULL,
  `SBID` int(11) DEFAULT NULL,
  `DBID` int(11) DEFAULT NULL,
  `TYPE` varchar(45) DEFAULT NULL,
  `SEQ` int(11) NOT NULL,
  PRIMARY KEY (`SEQ`),
  KEY `DESTINATION_idx` (`DBID`),
  KEY `SOURCE_idx` (`SBID`),
  CONSTRAINT `DESTINATIONSTATION` FOREIGN KEY (`DBID`) REFERENCES `brtsmain` (`BID`) ON DELETE RESTRICT ON UPDATE CASCADE,
  CONSTRAINT `SOURCESTATION` FOREIGN KEY (`SBID`) REFERENCES `brtsmain` (`BID`) ON DELETE RESTRICT ON UPDATE CASCADE
) ENGINE=InnoDB DEFAULT CHARSET=utf8mb4 COLLATE=utf8mb4_0900_ai_ci;
/*!40101 SET character_set_client = @saved_cs_client */;

--
-- Dumping data for table `brtsmainroutes`
--

LOCK TABLES `brtsmainroutes` WRITE;
/*!40000 ALTER TABLE `brtsmainroutes` DISABLE KEYS */;
INSERT INTO `brtsmainroutes` VALUES (1,1,2,'BRTS',1),(1,2,3,'BRTS',2),(1,3,4,'BRTS',3),(1,4,5,'BRTS',4),(1,5,6,'BRTS',5),(1,6,7,'BRTS',6),(1,7,8,'BRTS',7),(1,8,9,'BRTS',8),(1,9,10,'BRTS',9),(1,10,11,'BRTS',10),(1,11,12,'BRTS',11),(1,12,13,'BRTS',12),(1,13,14,'BRTS',13),(1,14,15,'BRTS',14),(1,15,16,'BRTS',15),(1,16,17,'BRTS',16),(1,17,19,'BRTS',17),(1,19,20,'BRTS',18),(1,20,21,'BRTS',19),(1,21,18,'BRTS',20),(1,18,22,'BRTS',21),(1,22,23,'BRTS',22),(1,23,24,'BRTS',23),(1,24,25,'BRTS',24),(1,25,26,'BRTS',25),(1,26,27,'BRTS',26),(1,27,28,'BRTS',27),(1,28,95,'BRTS',28),(2,98,20,'BRTS',29),(2,20,21,'BRTS',30),(2,21,18,'BRTS',31),(2,18,22,'BRTS',32),(2,22,33,'BRTS',33),(2,33,34,'BRTS',34),(2,34,35,'BRTS',35),(2,35,36,'BRTS',36),(2,36,37,'BRTS',37),(2,37,38,'BRTS',38),(2,38,39,'BRTS',39),(2,39,40,'BRTS',40),(2,40,41,'BRTS',41),(2,41,42,'BRTS',42),(2,42,43,'BRTS',43),(2,43,44,'BRTS',44),(2,44,45,'BRTS',45),(2,45,46,'BRTS',46),(2,46,47,'BRTS',47),(2,47,100,'BRTS',48),(2,100,48,'BRTS',49),(2,48,101,'BRTS',50),(2,101,49,'BRTS',51),(2,49,50,'BRTS',52),(2,50,51,'BRTS',53),(2,51,53,'BRTS',54),(2,53,52,'BRTS',55),(2,52,54,'BRTS',56),(2,54,55,'BRTS',57),(2,55,56,'BRTS',58),(2,56,57,'BRTS',59),(2,57,58,'BRTS',60),(2,58,96,'BRTS',61),(2,96,97,'BRTS',63),(3,1,2,'BRTS',64),(3,2,3,'BRTS',65),(3,3,4,'BRTS',66),(3,4,5,'BRTS',67),(3,5,6,'BRTS',68),(3,6,7,'BRTS',69),(3,7,8,'BRTS',70),(3,8,9,'BRTS',71),(3,9,10,'BRTS',72),(3,10,11,'BRTS',73),(3,11,12,'BRTS',74),(3,12,13,'BRTS',75),(3,13,14,'BRTS',76),(3,14,15,'BRTS',77),(3,15,16,'BRTS',78),(3,16,17,'BRTS',79),(3,17,19,'BRTS',80),(3,19,20,'BRTS',81),(3,20,21,'BRTS',82),(3,21,18,'BRTS',83),(3,18,22,'BRTS',84),(3,22,33,'BRTS',85),(3,33,34,'BRTS',86),(3,34,35,'BRTS',87),(3,35,36,'BRTS',88),(3,36,37,'BRTS',89),(3,37,38,'BRTS',90),(3,38,39,'BRTS',91),(3,39,40,'BRTS',92),(3,40,41,'BRTS',93),(3,41,42,'BRTS',94),(3,42,43,'BRTS',95),(3,43,44,'BRTS',96),(3,44,45,'BRTS',97),(3,45,46,'BRTS',98),(3,46,47,'BRTS',99),(3,47,100,'BRTS',100),(3,100,48,'BRTS',101),(3,48,101,'BRTS',102),(3,101,49,'BRTS',103),(3,49,50,'BRTS',104),(3,50,51,'BRTS',105),(3,51,53,'BRTS',106),(3,53,52,'BRTS',107),(3,52,54,'BRTS',108),(3,54,55,'BRTS',109),(3,55,56,'BRTS',110),(3,56,57,'BRTS',111),(3,57,58,'BRTS',112),(3,58,96,'BRTS',113),(3,96,97,'BRTS',114),(5,65,66,'BRTS',115),(5,66,67,'BRTS',116),(5,67,68,'BRTS',117),(5,68,69,'BRTS',118),(5,69,70,'BRTS',119),(5,70,72,'BRTS',120),(5,72,73,'BRTS',121),(5,73,74,'BRTS',122),(5,74,75,'BRTS',123),(5,75,76,'BRTS',124),(5,76,77,'BRTS',125),(5,77,78,'BRTS',126),(5,78,79,'BRTS',127),(5,79,80,'BRTS',128),(5,80,81,'BRTS',129),(5,81,82,'BRTS',130),(5,82,14,'BRTS',131),(5,14,15,'BRTS',132),(5,15,16,'BRTS',133),(5,16,17,'BRTS',134),(5,17,19,'BRTS',135),(5,19,20,'BRTS',136),(5,20,21,'BRTS',137),(5,21,18,'BRTS',138),(5,18,22,'BRTS',139),(5,22,23,'BRTS',140),(5,23,24,'BRTS',141),(5,24,25,'BRTS',142),(5,25,26,'BRTS',143),(5,26,27,'BRTS',144),(5,27,28,'BRTS',145),(5,28,95,'BRTS',146),(7,64,62,'BRTS',147),(7,62,63,'BRTS',148),(7,63,61,'BRTS',149),(7,61,59,'BRTS',150),(7,59,60,'BRTS',151),(7,60,3,'BRTS',152),(7,3,4,'BRTS',153),(7,4,5,'BRTS',154),(7,5,6,'BRTS',155),(7,6,7,'BRTS',156),(7,7,8,'BRTS',157),(7,8,87,'BRTS',158),(7,87,86,'BRTS',159),(7,86,85,'BRTS',160),(7,85,84,'BRTS',161),(7,84,83,'BRTS',162),(7,83,109,'BRTS',163),(8,110,111,'BRTS',164),(8,111,112,'BRTS',165),(8,112,113,'BRTS',166),(8,113,114,'BRTS',167),(8,114,115,'BRTS',168),(8,115,116,'BRTS',169),(8,116,117,'BRTS',170),(8,117,118,'BRTS',171),(8,118,119,'BRTS',172),(8,119,120,'BRTS',173),(8,120,121,'BRTS',174),(8,121,1,'BRTS',175),(8,1,2,'BRTS',176),(8,2,3,'BRTS',177),(8,3,4,'BRTS',178),(8,4,5,'BRTS',179),(8,5,6,'BRTS',180),(8,6,7,'BRTS',181),(8,7,8,'BRTS',182),(8,8,9,'BRTS',183),(8,9,10,'BRTS',184),(8,10,11,'BRTS',185),(8,11,12,'BRTS',186),(8,12,13,'BRTS',187),(8,13,14,'BRTS',188),(8,14,15,'BRTS',189),(8,15,16,'BRTS',190),(8,16,17,'BRTS',191),(8,17,19,'BRTS',192),(8,19,20,'BRTS',193),(8,20,21,'BRTS',194),(8,21,18,'BRTS',195),(8,18,22,'BRTS',196),(8,22,23,'BRTS',197),(8,23,24,'BRTS',198),(8,24,25,'BRTS',199),(8,25,26,'BRTS',200),(8,26,27,'BRTS',201),(8,27,28,'BRTS',202),(11,1,2,'BRTS',203),(11,2,3,'BRTS',204),(11,3,4,'BRTS',205),(11,4,5,'BRTS',206),(11,5,6,'BRTS',207),(11,6,7,'BRTS',208),(11,7,8,'BRTS',209),(11,8,9,'BRTS',210),(11,9,10,'BRTS',211),(11,10,11,'BRTS',212),(11,11,12,'BRTS',213),(11,12,13,'BRTS',214),(11,13,14,'BRTS',215),(11,14,15,'BRTS',216),(11,15,16,'BRTS',217),(11,16,88,'BRTS',218),(11,88,89,'BRTS',219),(11,89,90,'BRTS',220),(11,90,94,'BRTS',221),(11,94,91,'BRTS',222),(11,91,92,'BRTS',223),(11,92,130,'BRTS',224),(11,130,129,'BRTS',225),(11,129,128,'BRTS',226),(11,128,127,'BRTS',227),(11,127,126,'BRTS',228),(11,126,125,'BRTS',229),(11,125,124,'BRTS',230),(11,124,123,'BRTS',231),(11,123,122,'BRTS',232),(11,122,64,'BRTS',233),(11,64,62,'BRTS',234),(11,62,63,'BRTS',235),(11,63,61,'BRTS',236),(11,61,59,'BRTS',237),(11,59,60,'BRTS',238);
/*!40000 ALTER TABLE `brtsmainroutes` ENABLE KEYS */;
UNLOCK TABLES;

--
-- Table structure for table `brtsroutes`
--

DROP TABLE IF EXISTS `brtsroutes`;
/*!40101 SET @saved_cs_client     = @@character_set_client */;
/*!50503 SET character_set_client = utf8mb4 */;
CREATE TABLE `brtsroutes` (
  `BLID` int(11) DEFAULT NULL,
  `SBID` int(11) DEFAULT NULL,
  `DBID` int(11) DEFAULT NULL,
  `TYPE` varchar(45) DEFAULT NULL,
  `SEQ` int(11) NOT NULL,
  PRIMARY KEY (`SEQ`),
  KEY `BID_idx` (`DBID`),
  KEY `BID_idx1` (`SBID`),
  CONSTRAINT `DESTINATION` FOREIGN KEY (`DBID`) REFERENCES `brts` (`BID`) ON UPDATE CASCADE,
  CONSTRAINT `SOURCE` FOREIGN KEY (`SBID`) REFERENCES `brts` (`BID`) ON DELETE RESTRICT ON UPDATE CASCADE
) ENGINE=InnoDB DEFAULT CHARSET=utf8mb4 COLLATE=utf8mb4_0900_ai_ci;
/*!40101 SET character_set_client = @saved_cs_client */;

--
-- Dumping data for table `brtsroutes`
--

LOCK TABLES `brtsroutes` WRITE;
/*!40000 ALTER TABLE `brtsroutes` DISABLE KEYS */;
INSERT INTO `brtsroutes` VALUES (11,1,2,'BRTS',1),(11,2,3,'BRTS',2),(11,3,4,'BRTS',3),(11,4,5,'BRTS',4),(11,5,6,'BRTS',5),(11,6,7,'BRTS',6),(11,7,8,'BRTS',7),(11,8,9,'BRTS',8),(11,9,10,'BRTS',9),(11,10,11,'BRTS',10),(11,11,12,'BRTS',11),(11,12,13,'BRTS',12),(11,13,14,'BRTS',13),(11,14,15,'BRTS',14),(11,15,16,'BRTS',15),(11,16,17,'BRTS',16),(11,17,18,'BRTS',17),(11,18,19,'BRTS',18),(11,19,20,'BRTS',19),(11,20,21,'BRTS',20),(11,21,22,'BRTS',21),(11,22,23,'BRTS',22),(11,23,24,'BRTS',23),(11,24,25,'BRTS',24),(11,25,26,'BRTS',25),(11,26,27,'BRTS',26),(11,27,28,'BRTS',27),(11,28,29,'BRTS',28),(11,29,30,'BRTS',29),(11,30,31,'BRTS',30),(11,31,32,'BRTS',31),(11,32,33,'BRTS',32),(11,33,34,'BRTS',33),(11,34,35,'BRTS',34);
/*!40000 ALTER TABLE `brtsroutes` ENABLE KEYS */;
UNLOCK TABLES;
/*!40103 SET TIME_ZONE=@OLD_TIME_ZONE */;

/*!40101 SET SQL_MODE=@OLD_SQL_MODE */;
/*!40014 SET FOREIGN_KEY_CHECKS=@OLD_FOREIGN_KEY_CHECKS */;
/*!40014 SET UNIQUE_CHECKS=@OLD_UNIQUE_CHECKS */;
/*!40101 SET CHARACTER_SET_CLIENT=@OLD_CHARACTER_SET_CLIENT */;
/*!40101 SET CHARACTER_SET_RESULTS=@OLD_CHARACTER_SET_RESULTS */;
/*!40101 SET COLLATION_CONNECTION=@OLD_COLLATION_CONNECTION */;
/*!40111 SET SQL_NOTES=@OLD_SQL_NOTES */;

-- Dump completed on 2019-12-19 15:03:48
